Timestamp,User Count,Type,Name,Requests/s,Failures/s,50%,66%,75%,80%,90%,95%,98%,99%,99.9%,99.99%,100%,Total Request Count,Total Failure Count,Total Median Response Time,Total Average Response Time,Total Min Response Time,Total Max Response Time,Total Average Content Size
1773144806,0,,Aggregated,0.000000,0.000000,N/A,N/A,N/A,N/A,N/A,N/A,N/A,N/A,N/A,N/A,N/A,0,0,0,0.0,0,0,0
1773144807,0,,Aggregated,0.000000,0.000000,N/A,N/A,N/A,N/A,N/A,N/A,N/A,N/A,N/A,N/A,N/A,0,0,0,0.0,0,0,0
1773144808,500,,Aggregated,0.000000,0.000000,N/A,N/A,N/A,N/A,N/A,N/A,N/A,N/A,N/A,N/A,N/A,0,0,0,0.0,0,0,0
1773144809,1000,,Aggregated,0.000000,0.000000,370,500,620,630,1300,1600,1800,1800,1800,1800,1800,31,0,370.0,532.7515316129569,171.0430980001547,1769.7207280002658,19.0
1773144810,1500,,Aggregated,0.000000,0.000000,1600,1600,1600,1600,1600,1800,1800,1800,1800,1800,1800,86,0,1600.0,1184.3455818023751,171.0430980001547,1833.6746160002804,19.0
1773144811,2000,,Aggregated,0.000000,0.000000,1600,1600,1600,1600,1600,1800,1800,1800,1800,1800,1800,86,0,1600.0,1184.3455818023751,171.0430980001547,1833.6746160002804,19.0
1773144812,2500,,Aggregated,31.000000,0.000000,1600,1800,2500,2900,3500,4300,4600,4600,4600,4600,4600,129,0,1600.0,1828.3923623100993,171.0430980001547,4629.368611000245,19.0
1773144813,3000,,Aggregated,36.333333,0.000000,3500,3800,4400,4400,4600,4600,4800,5100,5100,5100,5100,455,0,3500.0,3238.29206945496,171.0430980001547,5149.161865000224,19.0
1773144814,3500,,Aggregated,36.333333,0.000000,3500,3800,4400,4400,4600,4600,4800,5100,5100,5100,5100,455,0,3500.0,3238.29206945496,171.0430980001547,5149.161865000224,19.0
1773144815,4000,,Aggregated,76.333333,0.000000,3500,4300,4400,4500,4600,4800,5100,6600,6700,6700,6700,471,0,3500.0,3313.3766553291016,171.0430980001547,6658.122260999789,19.0
1773144816,4500,,Aggregated,78.666667,0.000000,3800,4500,4700,5300,6600,7300,7700,8200,8200,8200,8200,609,0,3800.0,4000.875602185568,171.0430980001547,8209.496779999881,19.226600985221676
1773144817,5000,,Aggregated,78.666667,0.000000,3800,4500,4700,5300,6600,7300,7700,8200,8200,8200,8200,609,0,3800.0,4000.875602185568,171.0430980001547,8209.496779999881,19.226600985221676
1773144818,5500,,Aggregated,68.222222,0.000000,4300,4600,5300,6400,7400,7700,8300,9300,9600,9600,9600,666,0,4300.0,4301.906342756774,171.0430980001547,9564.970108000125,19.207207207207208
1773144819,6000,,Aggregated,71.888889,0.000000,5200,7000,7700,7800,8800,9300,9500,9600,10000,10000,10000,1006,0,5200.0,5473.608233842954,171.0430980001547,10207.827193999947,19.13717693836978
1773144820,6500,,Aggregated,71.888889,0.000000,5200,7000,7700,7800,8800,9300,9500,9600,10000,10000,10000,1006,0,5200.0,5473.608233842954,171.0430980001547,10207.827193999947,19.13717693836978
1773144821,7000,,Aggregated,97.100000,0.000000,5300,7100,7700,8000,9200,9400,9900,10000,12000,13000,13000,1024,0,5300.0,5563.425708664075,171.0430980001547,12707.144840999717,19.134765625
1773144822,7500,,Aggregated,98.100000,0.000000,6100,7700,8300,8800,10000,11000,11000,12000,13000,13000,13000,1155,0,6100.0,6109.816349294382,171.0430980001547,12707.144840999717,19.23896103896104
1773144823,8000,,Aggregated,98.100000,0.000000,6100,7700,8300,8800,10000,11000,11000,12000,13000,13000,13000,1155,0,6100.0,6109.816349294382,171.0430980001547,12707.144840999717,19.23896103896104
1773144824,8500,,Aggregated,94.800000,0.000000,6100,7700,8300,8800,10000,11000,12000,12000,14000,15000,15000,1158,0,6100.0,6128.764242825572,171.0430980001547,15123.237807999885,19.238341968911918
1773144825,9000,,Aggregated,80.800000,0.000000,6500,7800,8700,9300,11000,12000,14000,15000,16000,16000,16000,1223,0,6500.0,6506.805216154545,171.0430980001547,16249.29599799998,19.22567457072772
1773144826,9500,,Aggregated,80.800000,0.000000,6500,7800,8700,9300,11000,12000,14000,15000,16000,16000,16000,1223,0,6500.0,6506.805216154545,171.0430980001547,16249.29599799998,19.22567457072772
1773144827,10000,,Aggregated,68.000000,0.000000,6500,7800,8800,9400,11000,13000,15000,15000,17000,18000,18000,1240,0,6500.0,6611.279801580652,171.0430980001547,18037.22728599996,19.22258064516129
1773144828,10000,,Aggregated,70.900000,0.000000,7000,8400,9400,10000,14000,16000,17000,18000,18000,18000,18000,1347,1,7000.0,7369.746817314038,171.0430980001547,18269.459076000203,19.244246473645138
1773144829,10000,,Aggregated,70.900000,0.000000,7000,8400,9400,10000,14000,16000,17000,18000,18000,18000,18000,1347,1,7000.0,7369.746817314038,171.0430980001547,18269.459076000203,19.244246473645138
1773144830,10000,,Aggregated,42.800000,0.100000,7100,8600,9700,11000,15000,17000,18000,19000,20000,21000,21000,1380,1,7100.0,7621.03279432537,171.0430980001547,20572.86315400006,19.23840579710145
1773144831,10000,,Aggregated,42.800000,0.100000,7800,10000,13000,15000,18000,19000,20000,21000,21000,22000,22000,1592,1,7700.0,8993.715960197243,171.0430980001547,21600.826147000134,19.206658291457288
1773144832,10000,,Aggregated,42.800000,0.100000,7800,10000,13000,15000,18000,19000,20000,21000,21000,22000,22000,1592,1,7700.0,8993.715960197243,171.0430980001547,21600.826147000134,19.206658291457288
1773144833,10000,,Aggregated,46.300000,0.100000,7800,10000,14000,16000,19000,20000,21000,21000,23000,24000,24000,1628,1,7800.0,9231.389333920153,171.0430980001547,23670.463402999758,19.202088452088454
1773144834,10000,,Aggregated,49.500000,0.100000,9300,14000,17000,19000,21000,22000,23000,24000,25000,25000,25000,1951,1,9300.0,10957.705749271656,171.0430980001547,24784.214439999687,19.16863147104049
1773144835,10000,,Aggregated,49.500000,0.100000,9300,14000,17000,19000,21000,22000,23000,24000,25000,25000,25000,1951,1,9300.0,10957.705749271656,171.0430980001547,24784.214439999687,19.16863147104049
1773144836,10000,,Aggregated,55.300000,0.100000,9400,15000,17000,19000,21000,23000,24000,24000,26000,27000,27000,1993,1,9400.0,11165.968029732565,171.0430980001547,27229.49557799984,19.16507777220271
1773144837,10000,,Aggregated,77.800000,0.100000,11000,17000,19000,20000,23000,24000,25000,27000,27000,28000,28000,2252,1,11000.0,12323.171256065276,171.0430980001547,28193.619448999925,19.146092362344582
1773144838,10000,,Aggregated,77.800000,0.100000,11000,17000,19000,20000,23000,24000,25000,27000,27000,28000,28000,2252,1,11000.0,12323.171256065276,171.0430980001547,28193.619448999925,19.146092362344582
1773144839,10000,,Aggregated,92.100000,0.000000,11000,17000,19000,20000,23000,24000,26000,27000,29000,29000,29000,2288,1,11000.0,12522.900579209354,171.0430980001547,29362.646453999787,19.143793706293707
1773144840,10000,,Aggregated,95.300000,0.000000,13000,19000,21000,22000,25000,27000,28000,29000,30000,30000,30000,2510,1,13000.0,13716.766462842232,171.0430980001547,30267.6156550001,19.131075697211156
1773144841,10000,,Aggregated,95.300000,0.000000,13000,19000,21000,22000,25000,27000,28000,29000,30000,30000,30000,2510,1,13000.0,13716.766462842232,171.0430980001547,30267.6156550001,19.131075697211156
1773144842,10000,,Aggregated,99.400000,0.000000,13000,19000,21000,22000,25000,27000,29000,30000,31000,32000,32000,2553,1,13000.0,13950.293761408147,171.0430980001547,32216.189164999832,19.128867998433215
1773144843,10000,,Aggregated,116.900000,0.000000,17000,22000,24000,25000,29000,30000,31000,32000,33000,34000,34000,3014,1,17000.0,16149.47652004346,171.0430980001547,33897.44831400003,19.10915726609157
1773144844,10000,,Aggregated,116.900000,0.000000,17000,22000,24000,25000,29000,30000,31000,32000,33000,34000,34000,3014,1,17000.0,16149.47652004346,171.0430980001547,33897.44831400003,19.10915726609157
1773144845,10000,,Aggregated,116.900000,0.000000,17000,22000,24000,25000,29000,30000,31000,32000,33000,34000,34000,3014,1,17000.0,16149.47652004346,171.0430980001547,33897.44831400003,19.10915726609157
1773144846,10000,,Aggregated,129.700000,0.000000,18000,23000,25000,27000,30000,31000,33000,34000,35000,36000,36000,3238,1,18000.0,17157.477507815933,171.0430980001547,35913.59601299973,19.101605929586164
1773144848,9375,,Aggregated,129.700000,0.000000,18000,23000,26000,27000,30000,32000,34000,34000,35000,36000,36000,3271,1,18000.0,17294.567270535,171.0430980001547,35913.59601299973,19.100580862121674
1773144849,8750,,Aggregated,129.700000,0.000000,18000,23000,26000,27000,30000,32000,34000,34000,35000,36000,36000,3271,1,18000.0,17294.567270535,171.0430980001547,35913.59601299973,19.100580862121674
1773144851,9375,,Aggregated,114.800000,0.000000,19000,23000,27000,28000,31000,32000,34000,35000,37000,37000,37000,3380,1,19000.0,17769.65758605207,171.0430980001547,36616.650010999816,19.097337278106508
1773144852,9375,,Aggregated,114.800000,0.000000,19000,23000,27000,28000,31000,32000,34000,35000,37000,37000,37000,3381,1,19000.0,17774.627919773146,171.0430980001547,36616.650010999816,19.097308488612835
1773144853,9375,,Aggregated,86.800000,0.000000,19000,24000,27000,28000,31000,33000,35000,35000,37000,39000,39000,3398,1,19000.0,17863.829260436727,171.0430980001547,38582.036923000036,19.024131842260154
1773144854,10000,,Aggregated,89.700000,0.000000,19000,24000,27000,29000,31000,33000,35000,36000,40000,43000,43000,3444,1,19000.0,18095.95725170267,171.0430980001547,42913.001376000015,19.023809523809526
1773144855,10000,,Aggregated,89.700000,0.000000,19000,24000,27000,29000,31000,33000,35000,36000,40000,43000,43000,3444,1,19000.0,18095.95725170267,171.0430980001547,42913.001376000015,19.023809523809526
1773144856,10000,,Aggregated,44.600000,0.000000,31000,32000,33000,35000,36000,36000,37000,37000,40000,43000,43000,6394,1,31000.0,25135.90540582671,171.0430980001547,42913.001376000015,10.246793869252425
1773144857,10000,,Aggregated,114.600000,0.000000,31000,32000,33000,35000,36000,37000,37000,38000,42000,45000,45000,7295,1,31000.0,26140.043589995195,171.0430980001547,44874.9800139999,9.009869773817684
1773144858,10000,,Aggregated,114.600000,0.000000,31000,32000,33000,35000,36000,37000,37000,38000,42000,45000,45000,7295,1,31000.0,26140.043589995195,171.0430980001547,44874.9800139999,9.009869773817684
1773144859,10000,,Aggregated,422.400000,0.000000,31000,32000,33000,35000,36000,37000,37000,38000,42000,45000,45000,8166,1,31000.0,26629.746228383407,171.0430980001547,44874.9800139999,8.04886113152094
1773144860,10000,,Aggregated,422.400000,0.000000,31000,32000,33000,35000,36000,37000,37000,38000,42000,45000,45000,8166,1,31000.0,26629.746228383407,171.0430980001547,44874.9800139999,8.04886113152094
1773144861,10000,,Aggregated,422.400000,0.000000,31000,32000,33000,35000,36000,37000,37000,38000,42000,45000,45000,8166,1,31000.0,26629.746228383407,171.0430980001547,44874.9800139999,8.04886113152094
1773144862,10000,,Aggregated,477.200000,0.000000,31000,32000,33000,35000,36000,37000,37000,38000,42000,45000,45000,8220,1,31000.0,26716.35208167651,171.0430980001547,44874.9800139999,7.995985401459854
1773144863,10000,,Aggregated,477.200000,0.000000,31000,32000,33000,35000,36000,37000,37000,38000,42000,45000,45000,8221,1,31000.0,26717.942653666938,171.0430980001547,44874.9800139999,7.9950127721688355
1773144864,10000,,Aggregated,477.200000,0.000000,31000,32000,33000,35000,36000,37000,37000,38000,42000,45000,45000,8221,1,31000.0,26717.942653666938,171.0430980001547,44874.9800139999,7.9950127721688355
1773144865,10000,,Aggregated,477.200000,0.000000,31000,32000,33000,35000,36000,37000,37000,38000,42000,45000,45000,8221,1,31000.0,26717.942653666938,171.0430980001547,44874.9800139999,7.9950127721688355
1773144866,10000,,Aggregated,479.700000,0.000000,31000,32000,33000,35000,36000,37000,37000,39000,42000,45000,45000,8222,1,31000.0,26720.03676709133,171.0430980001547,44874.9800139999,7.994040379469715
1773144867,10000,,Aggregated,479.700000,0.000000,31000,32000,33000,35000,36000,37000,37000,39000,42000,45000,45000,8222,1,31000.0,26720.03676709133,171.0430980001547,44874.9800139999,7.994040379469715
1773144868,10000,,Aggregated,301.400000,0.000000,29000,32000,35000,36000,50000,53000,54000,54000,56000,57000,57000,17230,1,29000.0,25233.90132126134,1.103232999867032,57120.654180999736,3.814683691236216
1773144869,10000,,Aggregated,66.800000,0.000000,24000,31000,34000,36000,50000,53000,54000,54000,56000,57000,57000,20998,1,24000.0,23067.870647893364,1.103232999867032,57120.654180999736,3.130155252881227
1773144870,10000,,Aggregated,66.800000,0.000000,24000,31000,34000,36000,50000,53000,54000,54000,56000,57000,57000,20998,1,24000.0,23067.870647893364,1.103232999867032,57120.654180999736,3.130155252881227
1773144871,10000,,Aggregated,2236.300000,0.000000,700,10000,24000,30000,36000,50000,53000,54000,56000,57000,57000,42100,1,700.0,11645.919796203014,0.6933230001777702,57120.654180999736,1.5612114014251781
1773144872,10000,,Aggregated,2242.300000,0.000000,510,9600,18000,29000,35000,50000,53000,54000,56000,57000,57000,47076,1,510.0,10426.544158451075,0.6234620000213908,57120.654180999736,1.3961891409635483
1773144873,10000,,Aggregated,2242.300000,0.000000,510,9600,18000,29000,35000,50000,53000,54000,56000,57000,57000,47076,1,510.0,10426.544158451075,0.6234620000213908,57120.654180999736,1.3961891409635483
1773144874,10000,,Aggregated,3954.800000,0.000000,260,550,8400,11000,32000,37000,52000,53000,56000,57000,57000,67923,1,260.0,7264.754442398921,0.6234620000213908,57120.654180999736,0.9676692725586326
1773144875,10000,,Aggregated,4856.900000,0.000000,240,420,1000,10000,31000,37000,52000,53000,56000,57000,57000,73290,1,240.0,6737.618231163664,0.6234620000213908,57120.654180999736,0.896807204257061
1773144876,10000,,Aggregated,4856.900000,0.000000,240,420,1000,10000,31000,37000,52000,53000,56000,57000,57000,73290,1,240.0,6737.618231163664,0.6234620000213908,57120.654180999736,0.896807204257061
1773144877,10000,,Aggregated,7444.500000,0.000000,190,300,500,900,29000,35000,51000,53000,55000,57000,57000,94620,1,190.0,5245.856458641143,0.6234620000213908,57120.654180999736,0.6946417247939125
1773144878,10000,,Aggregated,7460.100000,0.000000,180,290,420,790,26000,35000,51000,53000,55000,57000,57000,99413,1,180.0,4997.598118014404,0.6234620000213908,57120.654180999736,0.6611509561123796
1773144879,10000,,Aggregated,7460.100000,0.000000,180,290,420,790,26000,35000,51000,53000,55000,57000,57000,99413,1,180.0,4997.598118014404,0.6234620000213908,57120.654180999736,0.6611509561123796
1773144880,10000,,Aggregated,8680.900000,0.000000,160,270,350,500,14000,32000,50000,52000,55000,57000,57000,120729,1,160.0,4141.129813901116,0.6234620000213908,57120.654180999736,0.544417662699103
1773144881,10000,,Aggregated,8703.300000,0.000000,150,270,340,460,11000,32000,49000,52000,55000,57000,57000,125799,1,150.0,3978.892801588414,0.6234620000213908,57120.654180999736,0.5224763312903918
1773144882,10000,,Aggregated,8703.300000,0.000000,150,270,340,460,11000,32000,49000,52000,55000,57000,57000,125799,1,150.0,3978.892801588414,0.6234620000213908,57120.654180999736,0.5224763312903918
1773144883,10000,,Aggregated,8713.100000,0.000000,140,250,300,360,10000,31000,43000,52000,55000,57000,57000,147473,1,140.0,3410.65711582434,0.6234620000213908,57120.654180999736,0.4456883632936198
1773144884,10000,,Aggregated,8720.600000,0.000000,140,250,300,350,9900,31000,40000,52000,55000,57000,57000,152318,1,140.0,3305.1531706023447,0.6234620000213908,57120.654180999736,0.43151170577344766
1773144885,10000,,Aggregated,8720.600000,0.000000,140,250,300,350,9900,31000,40000,52000,55000,57000,57000,152318,1,140.0,3305.1531706023447,0.6234620000213908,57120.654180999736,0.43151170577344766
1773144886,10000,,Aggregated,8672.900000,0.000000,110,220,280,320,7400,30000,37000,51000,54000,57000,57000,174448,1,110.0,2894.908913339482,0.6203779998941172,57120.654180999736,0.3767713014766578
1773144887,10000,,Aggregated,8725.200000,0.000000,110,220,270,310,3500,30000,37000,51000,54000,57000,57000,179818,1,110.0,2811.040632943242,0.6203779998941172,57120.654180999736,0.36551958090958636
1773144888,10000,,Aggregated,8725.200000,0.000000,110,220,270,310,3500,30000,37000,51000,54000,57000,57000,179818,1,110.0,2811.040632943242,0.6203779998941172,57120.654180999736,0.36551958090958636
1773144889,10000,,Aggregated,8818.100000,0.000000,97,200,250,290,760,25000,36000,51000,54000,56000,57000,202220,1,97,2508.5335823809605,0.6203779998941172,57120.654180999736,0.32502719810107805
1773144890,10000,,Aggregated,9018.900000,0.000000,96,200,250,290,720,25000,36000,51000,54000,56000,57000,206913,1,96,2453.9291541090306,0.6203779998941172,57120.654180999736,0.3176552464079106
1773144891,10000,,Aggregated,9018.900000,0.000000,96,200,250,290,720,25000,36000,51000,54000,56000,57000,206913,1,96,2453.9291541090306,0.6203779998941172,57120.654180999736,0.3176552464079106
1773144892,10000,,Aggregated,8998.300000,0.000000,84,180,240,270,560,20000,36000,50000,54000,56000,57000,229689,1,84,2217.3244048207307,0.6203779998941172,57120.654180999736,0.28615649856980524
1773144893,10000,,Aggregated,9075.300000,0.000000,84,180,240,270,530,18000,35000,50000,54000,56000,57000,235056,1,84,2169.2589998328563,0.6203779998941172,57120.654180999736,0.27962272820093936
1773144894,10000,,Aggregated,9075.300000,0.000000,84,180,240,270,530,18000,35000,50000,54000,56000,57000,235056,1,84,2169.2589998328563,0.6203779998941172,57120.654180999736,0.27962272820093936
1773144895,10000,,Aggregated,9103.000000,0.000000,77,170,230,260,430,11000,35000,48000,54000,56000,57000,257317,1,77,1988.1349251930258,0.6203779998941172,57120.654180999736,0.2554320157626585
1773144896,10000,,Aggregated,9107.600000,0.000000,77,170,220,260,420,11000,34000,46000,54000,56000,57000,261926,1,77,1954.7813657976671,0.6203779998941172,57120.654180999736,0.2509372876308576
1773144897,10000,,Aggregated,9107.600000,0.000000,77,170,220,260,420,11000,34000,46000,54000,56000,57000,261926,1,77,1954.7813657976671,0.6203779998941172,57120.654180999736,0.2509372876308576
1773144898,10000,,Aggregated,9039.800000,0.000000,74,160,220,250,380,10000,33000,45000,54000,56000,57000,283908,1,74,1810.5273923893506,0.6203779998941172,57120.654180999736,0.2315080941713513
1773144899,10000,,Aggregated,9061.800000,0.000000,74,160,220,250,370,10000,32000,45000,54000,56000,57000,289168,1,74,1779.597457804473,0.6203779998941172,57120.654180999736,0.2272969346539036
1773144900,10000,,Aggregated,9061.800000,0.000000,74,160,220,250,370,10000,32000,45000,54000,56000,57000,289168,1,74,1779.597457804473,0.6203779998941172,57120.654180999736,0.2272969346539036
1773144901,10000,,Aggregated,9096.900000,0.000000,68,150,210,240,340,9900,32000,40000,54000,56000,57000,310944,1,68,1659.8722205001957,0.6203779998941172,57120.654180999736,0.21137889780796543
1773144902,10000,,Aggregated,9094.200000,0.000000,67,150,200,240,340,9800,32000,39000,54000,56000,57000,316061,1,67,1633.948639960659,0.6203779998941172,57120.654180999736,0.20795669190441085
1773144903,10000,,Aggregated,9094.200000,0.000000,67,150,200,240,340,9800,32000,39000,54000,56000,57000,316061,1,67,1633.948639960659,0.6203779998941172,57120.654180999736,0.20795669190441085
1773144904,10000,,Aggregated,8961.800000,0.000000,66,150,200,240,330,8400,32000,37000,54000,56000,57000,338809,1,66,1530.962282258304,0.6203779998941172,57120.654180999736,0.19399425635092338
1773144905,10000,,Aggregated,9025.500000,0.000000,66,150,200,230,330,8300,32000,37000,54000,56000,57000,343960,1,66,1509.0954132563893,0.6203779998941172,57120.654180999736,0.191089080125596
1773144906,10000,,Aggregated,9025.500000,0.000000,66,150,200,230,330,8300,32000,37000,54000,56000,57000,343960,1,66,1509.0954132563893,0.6203779998941172,57120.654180999736,0.191089080125596
1773144907,10000,,Aggregated,8987.800000,0.000000,62,140,190,230,320,1100,31000,37000,54000,56000,57000,364729,1,62,1426.7674105328936,0.6203779998941172,57120.654180999736,0.1802077707009862
1773144908,10000,,Aggregated,9111.600000,0.000000,61,140,190,220,320,970,31000,37000,54000,56000,57000,371614,1,61,1401.4614033605103,0.6203779998941172,57120.654180999736,0.17686900924077134
1773144909,10000,,Aggregated,9111.600000,0.000000,61,140,190,220,320,970,31000,37000,54000,56000,57000,371614,1,61,1401.4614033605103,0.6203779998941172,57120.654180999736,0.17686900924077134
1773144910,10000,,Aggregated,9126.300000,0.000000,59,140,190,220,310,810,31000,36000,54000,56000,57000,393825,1,59,1327.231935693828,0.6203779998941172,57120.654180999736,0.16689392496667302
1773144911,10000,,Aggregated,9110.000000,0.000000,59,140,190,220,310,780,31000,36000,54000,56000,57000,399057,1,59,1310.8418044525215,0.6203779998941172,57120.654180999736,0.1647057939091408
1773144912,10000,,Aggregated,9110.000000,0.000000,59,140,190,220,310,780,31000,36000,54000,56000,57000,399057,1,59,1310.8418044525215,0.6203779998941172,57120.654180999736,0.1647057939091408
1773144913,10000,,Aggregated,9138.000000,0.000000,55,130,180,210,300,700,30000,36000,54000,56000,57000,421801,1,55,1243.308064744045,0.6203779998941172,57120.654180999736,0.15582466613403004
1773144914,10000,,Aggregated,9177.800000,0.000000,55,130,180,210,300,680,30000,36000,54000,56000,57000,426926,1,55,1229.2665563916132,0.6203779998941172,57120.654180999736,0.15395408103512084
1773144915,10000,,Aggregated,9177.800000,0.000000,55,130,180,210,300,680,30000,36000,54000,56000,57000,426926,1,55,1229.2665563916132,0.6203779998941172,57120.654180999736,0.15395408103512084
1773144916,10000,,Aggregated,9191.200000,0.000000,53,130,180,210,290,590,30000,36000,54000,56000,57000,447901,1,53,1174.3642830070794,0.6203779998941172,57120.654180999736,0.1467444814813988
1773144917,10000,,Aggregated,9248.100000,0.000000,52,130,180,210,290,570,30000,36000,54000,56000,57000,454656,1,52,1158.1129548931058,0.6203779998941172,57120.654180999736,0.14456424197635134
1773144918,10000,,Aggregated,9248.100000,0.000000,52,130,180,210,290,570,30000,36000,54000,56000,57000,454656,1,52,1158.1129548931058,0.6203779998941172,57120.654180999736,0.14456424197635134
1773144919,10000,,Aggregated,9130.900000,0.000000,51,120,170,200,290,520,29000,35000,54000,56000,57000,475351,1,51,1110.5107794227508,0.6203779998941172,57120.654180999736,0.13827045698862525
1773144920,10000,,Aggregated,9249.700000,0.000000,50,120,170,200,290,500,28000,35000,54000,56000,57000,482554,1,50,1095.018347066034,0.6203779998941172,57120.654180999736,0.1362065178197673
1773144921,10000,,Aggregated,9249.700000,0.000000,50,120,170,200,290,500,28000,35000,54000,56000,57000,482554,1,50,1095.018347066034,0.6203779998941172,57120.654180999736,0.1362065178197673
1773144922,10000,,Aggregated,9256.400000,0.000000,49,120,170,200,280,450,26000,35000,54000,56000,57000,505051,1,49,1049.6513944261033,0.6203779998941172,57120.654180999736,0.1301393324634542
1773144923,10000,,Aggregated,9218.200000,0.000000,49,120,170,200,280,440,25000,35000,54000,56000,57000,509930,1,49,1040.5991136211007,0.6179130000418809,57120.654180999736,0.12889416194379621
1773144924,10000,,Aggregated,9218.200000,0.000000,49,120,170,200,280,440,25000,35000,54000,56000,57000,509930,1,49,1040.5991136211007,0.6179130000418809,57120.654180999736,0.12889416194379621
1773144925,10000,,Aggregated,9180.700000,0.000000,48,120,170,200,280,410,24000,34000,54000,56000,57000,532545,1,48,999.0432526069252,0.6179130000418809,57120.654180999736,0.12342055600935133
1773144926,10000,,Aggregated,9133.100000,0.000000,48,120,170,200,280,410,23000,34000,54000,56000,57000,537509,1,48,990.9377547789618,0.6179130000418809,57120.654180999736,0.12228074320616027
1773144927,10000,,Aggregated,9133.100000,0.000000,48,120,170,200,280,410,23000,34000,54000,56000,57000,537509,1,48,990.9377547789618,0.6179130000418809,57120.654180999736,0.12228074320616027
1773144928,10000,,Aggregated,9167.300000,0.000000,47,110,160,190,280,390,21000,33000,54000,56000,57000,559975,1,47,954.0746739404848,0.6179130000418809,57120.654180999736,0.11737488280726818
1773144929,10000,,Aggregated,9115.200000,0.000000,47,110,160,190,280,390,21000,33000,54000,56000,57000,564940,1,47,946.315192986772,0.6179130000418809,57120.654180999736,0.11634332849506142
1773144930,10000,,Aggregated,9115.200000,0.000000,47,110,160,190,280,390,21000,33000,54000,56000,57000,564940,1,47,946.315192986772,0.6179130000418809,57120.654180999736,0.11634332849506142
1773144931,10000,,Aggregated,9071.700000,0.000000,46,110,160,190,270,380,18000,32000,54000,56000,57000,585845,1,46,914.9966677118691,0.6179130000418809,57120.654180999736,0.11219179134412686
1773144932,10000,,Aggregated,9142.900000,0.000000,46,110,160,190,270,370,17000,32000,54000,56000,57000,592958,1,46,904.7334560146081,0.6179130000418809,57120.654180999736,0.11084596210861478
1773144933,10000,,Aggregated,9142.900000,0.000000,46,110,160,190,270,370,17000,32000,54000,56000,57000,592958,1,46,904.7334560146081,0.6179130000418809,57120.654180999736,0.11084596210861478
1773144934,10000,,Aggregated,9168.700000,0.000000,45,110,160,190,270,360,12000,32000,53000,56000,57000,615196,1,45,874.6463232371068,0.6179130000418809,57120.654180999736,0.10683912119064494
1773144935,10000,,Aggregated,9145.300000,0.000000,45,110,160,190,270,360,11000,32000,53000,56000,57000,620457,1,45,867.8954289057085,0.6179130000418809,57120.654180999736,0.1059332072972019
1773144936,10000,,Aggregated,9145.300000,0.000000,45,110,160,190,270,360,11000,32000,53000,56000,57000,620457,1,45,867.8954289057085,0.6179130000418809,57120.654180999736,0.1059332072972019
1773144937,10000,,Aggregated,9128.300000,0.000000,45,110,160,190,270,350,11000,32000,53000,56000,57000,642414,1,45,841.1285737184733,0.6179130000418809,57120.654180999736,0.10231252743557892
1773144938,10000,,Aggregated,9151.800000,0.000000,45,110,160,190,270,350,11000,32000,53000,56000,57000,647767,1,45,834.6739297591623,0.6179130000418809,57120.654180999736,0.1014670398461175
1773144939,10000,,Aggregated,9151.800000,0.000000,45,110,160,190,270,350,11000,32000,53000,56000,57000,647767,1,45,834.6739297591623,0.6179130000418809,57120.654180999736,0.1014670398461175
1773144940,10000,,Aggregated,9142.700000,0.000000,45,110,150,180,260,340,11000,32000,53000,56000,57000,670567,1,45,808.6762483007501,0.6179130000418809,57120.654180999736,0.09801705124171037
1773144941,10000,,Aggregated,9162.800000,0.000000,44,100,150,180,260,340,11000,32000,53000,56000,57000,675695,1,44,802.8497024798854,0.6179130000418809,57120.654180999736,0.09727317798710956
1773144942,10000,,Aggregated,9162.800000,0.000000,44,100,150,180,260,340,11000,32000,53000,56000,57000,675695,1,44,802.8497024798854,0.6179130000418809,57120.654180999736,0.09727317798710956
1773144943,10000,,Aggregated,9160.800000,0.000000,43,100,150,180,260,340,10000,31000,53000,56000,57000,697982,1,43,779.0376781016033,0.6179130000418809,57120.654180999736,0.09416718482711589
1773144944,10000,,Aggregated,9220.900000,0.000000,43,100,150,180,260,340,10000,31000,53000,56000,57000,703343,1,43,773.517480282962,0.6179130000418809,57120.654180999736,0.09344942652446957
1773144945,10000,,Aggregated,9220.900000,0.000000,43,100,150,180,260,340,10000,31000,53000,56000,57000,703343,1,43,773.517480282962,0.6179130000418809,57120.654180999736,0.09344942652446957
1773144946,10000,,Aggregated,9207.100000,0.000000,43,100,150,180,260,340,10000,31000,53000,56000,57000,725844,1,43,751.9536995171762,0.6179130000418809,57120.654180999736,0.09055251541653578
1773144947,10000,,Aggregated,9276.600000,0.000000,43,100,150,180,260,340,10000,31000,53000,56000,57000,730707,1,43,747.5229944914914,0.6179130000418809,57120.654180999736,0.08994987046791669
1773144948,10000,,Aggregated,9276.600000,0.000000,43,100,150,180,260,340,10000,31000,53000,56000,57000,730707,1,43,747.5229944914914,0.6179130000418809,57120.654180999736,0.08994987046791669
1773144949,10000,,Aggregated,9187.300000,0.000000,42,99,150,180,260,330,10000,31000,53000,56000,57000,753479,1,42,727.0329728955182,0.6179130000418809,57120.654180999736,0.08723136278516057
1773144950,10000,,Aggregated,9271.400000,0.000000,42,99,150,180,260,330,10000,31000,53000,56000,57000,758747,1,42,722.4912328220898,0.6179130000418809,57120.654180999736,0.0866257131823915
1773144951,10000,,Aggregated,9271.400000,0.000000,42,99,150,180,260,330,10000,31000,53000,56000,57000,758747,1,42,722.4912328220898,0.6179130000418809,57120.654180999736,0.0866257131823915
1773144952,10000,,Aggregated,9233.100000,0.000000,42,98,150,180,250,330,9900,31000,53000,56000,57000,780953,1,42,703.56929325977,0.6179130000418809,57120.654180999736,0.08416255523699889
1773144953,10000,,Aggregated,9197.900000,0.000000,41,97,150,180,250,330,9800,31000,53000,56000,57000,786263,1,41,699.2886123574075,0.6179130000418809,57120.654180999736,0.08359416632856945
1773144954,10000,,Aggregated,9197.900000,0.000000,41,97,150,180,250,330,9800,31000,53000,56000,57000,786263,1,41,699.2886123574075,0.6179130000418809,57120.654180999736,0.08359416632856945
1773144955,10000,,Aggregated,9158.700000,0.000000,42,98,150,170,250,320,9400,30000,53000,56000,57000,809222,1,42,682.0416493951739,0.6179130000418809,57120.654180999736,0.08122245811408983
1773144956,10000,,Aggregated,9142.300000,0.000000,42,98,150,180,250,320,9300,30000,53000,56000,57000,814382,1,42,678.2431173317514,0.6179130000418809,57120.654180999736,0.08070782507471924
1773144957,10000,,Aggregated,9142.300000,0.000000,42,98,150,180,250,320,9300,30000,53000,56000,57000,814382,1,42,678.2431173317514,0.6179130000418809,57120.654180999736,0.08070782507471924
1773144958,10000,,Aggregated,9245.200000,0.000000,41,96,140,170,250,320,8600,30000,53000,56000,57000,836413,1,41,661.8692970552423,0.6179130000418809,57120.654180999736,0.07858199238892748
1773144959,10000,,Aggregated,9159.500000,0.000000,41,96,140,170,250,320,8500,30000,53000,55000,57000,841663,1,41,658.0184549472848,0.6179130000418809,57120.654180999736,0.07809182535052628
1773144960,10000,,Aggregated,9159.500000,0.000000,41,96,140,170,250,320,8500,30000,53000,55000,57000,841663,1,41,658.0184549472848,0.6179130000418809,57120.654180999736,0.07809182535052628
1773144961,10000,,Aggregated,9259.400000,0.000000,40,94,140,170,250,320,8200,30000,53000,55000,57000,864832,1,40,641.9279493020315,0.6179130000418809,57120.654180999736,0.0759997317398061
1773144962,10000,,Aggregated,9228.400000,0.000000,40,93,140,170,250,320,7700,30000,53000,55000,57000,870083,1,40,638.3615822609595,0.6179130000418809,57120.654180999736,0.07554106907042202
1773144963,10000,,Aggregated,9228.400000,0.000000,40,93,140,170,250,320,7700,30000,53000,55000,57000,870083,1,40,638.3615822609595,0.6179130000418809,57120.654180999736,0.07554106907042202
1773144964,10000,,Aggregated,9204.400000,0.000000,40,93,140,170,250,320,4400,30000,53000,55000,57000,892810,1,40,623.8735965145951,0.6179130000418809,57120.654180999736,0.07361812703710756
1773144965,10000,,Aggregated,9316.300000,0.000000,40,92,140,170,250,310,3500,30000,53000,55000,57000,898204,1,40,620.5044932841533,0.6179130000418809,57120.654180999736,0.07317602682686784
1773144966,10000,,Aggregated,9316.300000,0.000000,40,92,140,170,250,310,3500,30000,53000,55000,57000,898204,1,40,620.5044932841533,0.6179130000418809,57120.654180999736,0.07317602682686784
1773144967,10000,,Aggregated,9279.500000,0.000000,40,91,140,170,240,310,1000,30000,53000,55000,57000,920590,1,40,606.7120413016423,0.6179130000418809,57120.654180999736,0.07139660435155715
1773144968,10000,,Aggregated,9257.600000,0.000000,39,90,140,170,240,310,980,30000,53000,55000,57000,925893,1,39,603.4766643171283,0.6179130000418809,57120.654180999736,0.07098768432205449
1773144969,10000,,Aggregated,9257.600000,0.000000,39,90,140,170,240,310,980,30000,53000,55000,57000,925893,1,39,603.4766643171283,0.6179130000418809,57120.654180999736,0.07098768432205449
1773144970,10000,,Aggregated,9269.100000,0.000000,39,89,130,160,240,310,890,29000,53000,55000,57000,948599,1,39,590.5228211414633,0.6179130000418809,57120.654180999736,0.06928849809034165
1773144971,10000,,Aggregated,9252.200000,0.000000,39,88,130,160,240,310,880,29000,53000,55000,57000,953694,1,39,587.6382143164096,0.6179130000418809,57120.654180999736,0.06891833229526452
1773144972,10000,,Aggregated,9252.200000,0.000000,39,88,130,160,240,310,880,29000,53000,55000,57000,953694,1,39,587.6382143164096,0.6179130000418809,57120.654180999736,0.06891833229526452
1773144973,10000,,Aggregated,9291.100000,0.000000,39,87,130,160,240,310,820,27000,53000,55000,57000,976405,1,39,575.3751942416457,0.6179130000418809,57120.654180999736,0.06731530461232788
1773144974,10000,,Aggregated,9277.300000,0.000000,39,87,130,160,240,310,810,27000,53000,55000,57000,981891,1,39,572.4344653759603,0.6179130000418809,57120.654180999736,0.06693920200918432
1773144975,10000,,Aggregated,9277.300000,0.000000,39,87,130,160,240,310,810,27000,53000,55000,57000,981891,1,39,572.4344653759603,0.6179130000418809,57120.654180999736,0.06693920200918432
1773144976,10000,,Aggregated,9375.100000,0.000000,38,86,130,160,240,310,770,26000,53000,55000,57000,1004680,1,38,560.7725066879733,0.6179130000418809,57120.654180999736,0.06542083051319823
1773144977,10000,,Aggregated,9286.200000,0.000000,38,86,130,160,240,300,770,26000,53000,55000,57000,1009672,1,38,558.3789011020382,0.6179130000418809,57120.654180999736,0.06509737815845146
1773144978,10000,,Aggregated,9286.200000,0.000000,38,86,130,160,240,300,770,26000,53000,55000,57000,1009672,1,38,558.3789011020382,0.6179130000418809,57120.654180999736,0.06509737815845146
1773144979,10000,,Aggregated,9283.700000,0.000000,38,85,130,160,240,300,730,25000,53000,55000,57000,1032013,1,38,547.5351818935276,0.6179130000418809,57120.654180999736,0.06368815121514942
1773144980,10000,,Aggregated,9306.900000,0.000000,38,85,130,160,240,300,720,25000,53000,55000,57000,1037006,1,38,545.3050313067957,0.6179130000418809,57120.654180999736,0.06338150406072868
1773144981,10000,,Aggregated,9306.900000,0.000000,38,85,130,160,240,300,720,25000,53000,55000,57000,1037006,1,38,545.3050313067957,0.6179130000418809,57120.654180999736,0.06338150406072868
1773144982,10000,,Aggregated,9305.400000,0.000000,37,84,130,160,240,300,690,24000,53000,55000,57000,1059365,1,37,535.1446010345556,0.6179130000418809,57120.654180999736,0.062043771504627775
1773144983,10000,,Aggregated,9320.500000,0.000000,38,84,130,160,240,300,680,24000,53000,55000,57000,1064865,1,38,532.7893863421683,0.6179130000418809,57120.654180999736,0.06172331704018819
1773144984,10000,,Aggregated,9320.500000,0.000000,38,84,130,160,240,300,680,24000,53000,55000,57000,1064865,1,38,532.7893863421683,0.6179130000418809,57120.654180999736,0.06172331704018819
1773144985,10000,,Aggregated,9218.600000,0.000000,38,84,130,160,240,300,640,23000,53000,55000,57000,1087680,1,38,523.5555018151222,0.605318999987503,57120.654180999736,0.060428618711385704
1773144986,10000,,Aggregated,9192.000000,0.000000,38,84,130,160,240,300,640,23000,53000,55000,57000,1092450,1,38,521.6334353410317,0.605318999987503,57120.654180999736,0.060164767266236444
1773144987,10000,,Aggregated,9192.000000,0.000000,38,84,130,160,240,300,640,23000,53000,55000,57000,1092450,1,38,521.6334353410317,0.605318999987503,57120.654180999736,0.060164767266236444
